{"cameraMode":{"drawMode":0,"name":"Shaded","section":"Shading Mode"},"sceneLighting":true,"audioPlay":false,"sceneViewState":{"showFog":true,"showMaterialUpdate":false,"showSkybox":true,"showFlares":true,"showImageEffects":true,"showParticleSystems":true},"in2DMode":false,"pivot":{"x":0.17966395616531373,"y":1.939479112625122,"z":-2.5176305770874025},"rotation":{"x":0.1428985446691513,"y":-0.0118772117421031,"z":0.0017150535713881255,"w":0.9896714687347412},"size":1.668489933013916,"orthographic":false}